{"cameraMode":{"drawMode":0,"name":"Shaded","section":"Shading Mode"},"sceneLighting":true,"audioPlay":false,"sceneViewState":{"showFog":true,"showMaterialUpdate":false,"showSkybox":true,"showFlares":true,"showImageEffects":true,"showParticleSystems":true},"in2DMode":false,"pivot":{"x":-2.9453775882720949,"y":2.912897825241089,"z":-1.3157484531402588},"rotation":{"x":-0.04739917069673538,"y":-0.8804457783699036,"z":0.09011827409267426,"w":-0.4630846083164215},"size":3.5298357009887697,"orthographic":false}