{"cameraMode":{"drawMode":0,"name":"Shaded","section":"Shading Mode"},"sceneLighting":true,"audioPlay":false,"sceneViewState":{"showFog":true,"showMaterialUpdate":false,"showSkybox":true,"showFlares":true,"showImageEffects":true,"showParticleSystems":true},"in2DMode":false,"pivot":{"x":-5.670382022857666,"y":2.120924711227417,"z":-2.615694284439087},"rotation":{"x":-0.02417888678610325,"y":0.6938802599906921,"z":-0.023324323818087579,"w":-0.7193063497543335},"size":5.993317127227783,"orthographic":false}