{"cameraMode":{"drawMode":0,"name":"Shaded","section":"Shading Mode"},"sceneLighting":true,"audioPlay":false,"sceneViewState":{"showFog":true,"showMaterialUpdate":false,"showSkybox":true,"showFlares":true,"showImageEffects":true,"showParticleSystems":true},"in2DMode":false,"pivot":{"x":1.8479162454605103,"y":2.3364105224609377,"z":-8.619239807128907},"rotation":{"x":-0.0020256582647562029,"y":-0.9914146661758423,"z":0.015468882396817208,"w":-0.1298210769891739},"size":5.993317127227783,"orthographic":false}